adduct	mass
proton	1.00728
ammonium	17.02655
water	18.01056
sodium	22.98977
magnesium	23.98504
methanol	32.02621
chlorine	34.96885
potassium	38.96371
calcium	39.96259
acetonitrile	41.02655
ethylamine	45.05785
formic	46.00548
iron	55.93494
acetic	60.02113
isopropanol	60.05751
dmso	78.01394
bromine	78.91834
tfa	113.99286